

UPDATE ACCOUNT_INFO SET TYPE='employee';


INSERT INTO ACCOUNT_INFO(ID,CODE,USERNAME,DISPLAY_NAME,STATUS,TYPE,LOCKED,CREATE_TIME,NICK_NAME,PASSWORD_REQUIRED,TENANT_ID) VALUES(9,'9','bob','鲍勃','active','employee','unlocked','2015-02-27 00:00:00','鲍勃','required','1');
INSERT INTO ACCOUNT_CREDENTIAL(ID,PASSWORD,MODIFY_TIME,EXPIRE_TIME,EXPIRE_STATUS,COULD_MODIFY,TYPE,CATALOG,STATUS,ACCOUNT_ID,TENANT_ID) VALUES(9,'a1ccdbc7f295e0aeda5dc4e0f2677ea3','2015-02-27 00:00:00','2017-04-28 00:00:00','normal','yes','normal','default','active',9,'1');
INSERT INTO PERSON_INFO(ID,CODE,USERNAME,GIVEN_NAME,FAMILY_NAME,FULL_NAME,CELLPHONE,EMAIL,TENANT_ID) VALUES(9,'9','bob','Bob','Shinetechchina','Bob Shinetechchina','18012345678','bob@shinetechchina.com','1');

INSERT INTO ACCOUNT_INFO(ID,CODE,USERNAME,DISPLAY_NAME,STATUS,TYPE,LOCKED,CREATE_TIME,NICK_NAME,PASSWORD_REQUIRED,TENANT_ID) VALUES(10,'10','alice','爱丽丝','active','employee','unlocked','2015-02-27 00:00:00','爱丽丝','required','1');
INSERT INTO ACCOUNT_CREDENTIAL(ID,PASSWORD,MODIFY_TIME,EXPIRE_TIME,EXPIRE_STATUS,COULD_MODIFY,TYPE,CATALOG,STATUS,ACCOUNT_ID,TENANT_ID) VALUES(10,'a1ccdbc7f295e0aeda5dc4e0f2677ea3','2015-02-27 00:00:00','2017-04-28 00:00:00','normal','yes','normal','default','active',10,'1');
INSERT INTO PERSON_INFO(ID,CODE,USERNAME,GIVEN_NAME,FAMILY_NAME,FULL_NAME,CELLPHONE,EMAIL,TENANT_ID) VALUES(10,'10','alice','Alice','Shinetechchina','Alice Shinetechchina','18012345678','alice@shinetechchina.com','1');

INSERT INTO ACCOUNT_INFO(ID,CODE,USERNAME,DISPLAY_NAME,STATUS,TYPE,LOCKED,CREATE_TIME,NICK_NAME,PASSWORD_REQUIRED,TENANT_ID) VALUES(11,'11','mike','麦克','active','employee','unlocked','2015-02-27 00:00:00','麦克','required','1');
INSERT INTO ACCOUNT_CREDENTIAL(ID,PASSWORD,MODIFY_TIME,EXPIRE_TIME,EXPIRE_STATUS,COULD_MODIFY,TYPE,CATALOG,STATUS,ACCOUNT_ID,TENANT_ID) VALUES(11,'a1ccdbc7f295e0aeda5dc4e0f2677ea3','2015-02-27 00:00:00','2017-04-28 00:00:00','normal','yes','normal','default','active',11,'1');
INSERT INTO PERSON_INFO(ID,CODE,USERNAME,GIVEN_NAME,FAMILY_NAME,FULL_NAME,CELLPHONE,EMAIL,TENANT_ID) VALUES(11,'11','mike','Mike','Shinetechchina','Mike Shinetechchina','18012345678','mike@shinetechchina.com','1');

INSERT INTO ACCOUNT_INFO(ID,CODE,USERNAME,DISPLAY_NAME,STATUS,TYPE,LOCKED,CREATE_TIME,NICK_NAME,PASSWORD_REQUIRED,TENANT_ID) VALUES(12,'12','justin','贾斯汀','active','employee','unlocked','2015-02-27 00:00:00','贾斯汀','required','1');
INSERT INTO ACCOUNT_CREDENTIAL(ID,PASSWORD,MODIFY_TIME,EXPIRE_TIME,EXPIRE_STATUS,COULD_MODIFY,TYPE,CATALOG,STATUS,ACCOUNT_ID,TENANT_ID) VALUES(12,'a1ccdbc7f295e0aeda5dc4e0f2677ea3','2015-02-27 00:00:00','2017-04-28 00:00:00','normal','yes','normal','default','active',12,'1');
INSERT INTO PERSON_INFO(ID,CODE,USERNAME,GIVEN_NAME,FAMILY_NAME,FULL_NAME,CELLPHONE,EMAIL,TENANT_ID) VALUES(12,'12','justin','Justin','Shinetechchina','Justin Shinetechchina','18012345678','justin@shinetechchina.com','1');

INSERT INTO ACCOUNT_INFO(ID,CODE,USERNAME,DISPLAY_NAME,STATUS,TYPE,LOCKED,CREATE_TIME,NICK_NAME,PASSWORD_REQUIRED,TENANT_ID) VALUES(13,'13','tom','汤姆','active','employee','unlocked','2015-02-27 00:00:00','汤姆','required','1');
INSERT INTO ACCOUNT_CREDENTIAL(ID,PASSWORD,MODIFY_TIME,EXPIRE_TIME,EXPIRE_STATUS,COULD_MODIFY,TYPE,CATALOG,STATUS,ACCOUNT_ID,TENANT_ID) VALUES(13,'a1ccdbc7f295e0aeda5dc4e0f2677ea3','2015-02-27 00:00:00','2017-04-28 00:00:00','normal','yes','normal','default','active',13,'1');
INSERT INTO PERSON_INFO(ID,CODE,USERNAME,GIVEN_NAME,FAMILY_NAME,FULL_NAME,CELLPHONE,EMAIL,TENANT_ID) VALUES(13,'13','tom','Tom','Shinetechchina','Tom Shinetechchina','18012345678','tom@shinetechchina.com','1');

INSERT INTO ACCOUNT_INFO(ID,CODE,USERNAME,DISPLAY_NAME,STATUS,TYPE,LOCKED,CREATE_TIME,NICK_NAME,PASSWORD_REQUIRED,TENANT_ID) VALUES(14,'14','james','詹姆斯','active','employee','unlocked','2015-02-27 00:00:00','詹姆斯','required','1');
INSERT INTO ACCOUNT_CREDENTIAL(ID,PASSWORD,MODIFY_TIME,EXPIRE_TIME,EXPIRE_STATUS,COULD_MODIFY,TYPE,CATALOG,STATUS,ACCOUNT_ID,TENANT_ID) VALUES(14,'a1ccdbc7f295e0aeda5dc4e0f2677ea3','2015-02-27 00:00:00','2017-04-28 00:00:00','normal','yes','normal','default','active',14,'1');
INSERT INTO PERSON_INFO(ID,CODE,USERNAME,GIVEN_NAME,FAMILY_NAME,FULL_NAME,CELLPHONE,EMAIL,TENANT_ID) VALUES(14,'14','james','James','Shinetechchina','James Shinetechchina','18012345678','james@shinetechchina.com','1');

INSERT INTO ACCOUNT_INFO(ID,CODE,USERNAME,DISPLAY_NAME,STATUS,TYPE,LOCKED,CREATE_TIME,NICK_NAME,PASSWORD_REQUIRED,TENANT_ID) VALUES(15,'15','joe','乔伊','active','employee','unlocked','2015-02-27 00:00:00','乔伊','required','1');
INSERT INTO ACCOUNT_CREDENTIAL(ID,PASSWORD,MODIFY_TIME,EXPIRE_TIME,EXPIRE_STATUS,COULD_MODIFY,TYPE,CATALOG,STATUS,ACCOUNT_ID,TENANT_ID) VALUES(15,'a1ccdbc7f295e0aeda5dc4e0f2677ea3','2015-02-27 00:00:00','2017-04-28 00:00:00','normal','yes','normal','default','active',15,'1');
INSERT INTO PERSON_INFO(ID,CODE,USERNAME,GIVEN_NAME,FAMILY_NAME,FULL_NAME,CELLPHONE,EMAIL,TENANT_ID) VALUES(15,'15','joe','Joe','Shinetechchina','Joe Shinetechchina','18012345678','joe@shinetechchina.com','1');

INSERT INTO ACCOUNT_INFO(ID,CODE,USERNAME,DISPLAY_NAME,STATUS,TYPE,LOCKED,CREATE_TIME,NICK_NAME,PASSWORD_REQUIRED,TENANT_ID) VALUES(16,'16','paul','保罗','active','employee','unlocked','2015-02-27 00:00:00','保罗','required','1');
INSERT INTO ACCOUNT_CREDENTIAL(ID,PASSWORD,MODIFY_TIME,EXPIRE_TIME,EXPIRE_STATUS,COULD_MODIFY,TYPE,CATALOG,STATUS,ACCOUNT_ID,TENANT_ID) VALUES(16,'a1ccdbc7f295e0aeda5dc4e0f2677ea3','2015-02-27 00:00:00','2017-04-28 00:00:00','normal','yes','normal','default','active',16,'1');
INSERT INTO PERSON_INFO(ID,CODE,USERNAME,GIVEN_NAME,FAMILY_NAME,FULL_NAME,CELLPHONE,EMAIL,TENANT_ID) VALUES(16,'16','paul','Paul','Shinetechchina','Paul Shinetechchina','18012345678','paul@shinetechchina.com','1');

INSERT INTO ACCOUNT_INFO(ID,CODE,USERNAME,DISPLAY_NAME,STATUS,TYPE,LOCKED,CREATE_TIME,NICK_NAME,PASSWORD_REQUIRED,TENANT_ID) VALUES(17,'17','jane','简','active','employee','unlocked','2015-02-27 00:00:00','简','required','1');
INSERT INTO ACCOUNT_CREDENTIAL(ID,PASSWORD,MODIFY_TIME,EXPIRE_TIME,EXPIRE_STATUS,COULD_MODIFY,TYPE,CATALOG,STATUS,ACCOUNT_ID,TENANT_ID) VALUES(17,'a1ccdbc7f295e0aeda5dc4e0f2677ea3','2015-02-27 00:00:00','2017-04-28 00:00:00','normal','yes','normal','default','active',17,'1');
INSERT INTO PERSON_INFO(ID,CODE,USERNAME,GIVEN_NAME,FAMILY_NAME,FULL_NAME,CELLPHONE,EMAIL,TENANT_ID) VALUES(17,'17','jane','Jane','Shinetechchina','Jane Shinetechchina','18012345678','jane@shinetechchina.com','1');

INSERT INTO ACCOUNT_INFO(ID,CODE,USERNAME,DISPLAY_NAME,STATUS,TYPE,LOCKED,CREATE_TIME,NICK_NAME,PASSWORD_REQUIRED,TENANT_ID) VALUES(18,'18','marry','玛丽','active','employee','unlocked','2015-02-27 00:00:00','玛丽','required','1');
INSERT INTO ACCOUNT_CREDENTIAL(ID,PASSWORD,MODIFY_TIME,EXPIRE_TIME,EXPIRE_STATUS,COULD_MODIFY,TYPE,CATALOG,STATUS,ACCOUNT_ID,TENANT_ID) VALUES(18,'a1ccdbc7f295e0aeda5dc4e0f2677ea3','2015-02-27 00:00:00','2017-04-28 00:00:00','normal','yes','normal','default','active',18,'1');
INSERT INTO PERSON_INFO(ID,CODE,USERNAME,GIVEN_NAME,FAMILY_NAME,FULL_NAME,CELLPHONE,EMAIL,TENANT_ID) VALUES(18,'18','marry','Marry','Shinetechchina','Marry Shinetechchina','18012345678','marry@shinetechchina.com','1');

INSERT INTO ACCOUNT_INFO(ID,CODE,USERNAME,DISPLAY_NAME,STATUS,TYPE,LOCKED,CREATE_TIME,NICK_NAME,PASSWORD_REQUIRED,TENANT_ID) VALUES(19,'19','ben','本','active','employee','unlocked','2015-02-27 00:00:00','本','required','1');
INSERT INTO ACCOUNT_CREDENTIAL(ID,PASSWORD,MODIFY_TIME,EXPIRE_TIME,EXPIRE_STATUS,COULD_MODIFY,TYPE,CATALOG,STATUS,ACCOUNT_ID,TENANT_ID) VALUES(19,'a1ccdbc7f295e0aeda5dc4e0f2677ea3','2015-02-27 00:00:00','2017-04-28 00:00:00','normal','yes','normal','default','active',19,'1');
INSERT INTO PERSON_INFO(ID,CODE,USERNAME,GIVEN_NAME,FAMILY_NAME,FULL_NAME,CELLPHONE,EMAIL,TENANT_ID) VALUES(19,'19','ben','Ben','Shinetechchina','Ben Shinetechchina','18012345678','ben@shinetechchina.com','1');

INSERT INTO ACCOUNT_INFO(ID,CODE,USERNAME,DISPLAY_NAME,STATUS,TYPE,LOCKED,CREATE_TIME,NICK_NAME,PASSWORD_REQUIRED,TENANT_ID) VALUES(20,'20','bot','系统机器人','active','bot','unlocked','2015-02-27 00:00:00','系统机器人','required','1');
INSERT INTO ACCOUNT_CREDENTIAL(ID,PASSWORD,MODIFY_TIME,EXPIRE_TIME,EXPIRE_STATUS,COULD_MODIFY,TYPE,CATALOG,STATUS,ACCOUNT_ID,TENANT_ID) VALUES(20,'a1ccdbc7f295e0aeda5dc4e0f2677ea3','2015-02-27 00:00:00','2017-04-28 00:00:00','normal','yes','normal','default','active',20,'1');
INSERT INTO PERSON_INFO(ID,CODE,USERNAME,GIVEN_NAME,FAMILY_NAME,FULL_NAME,CELLPHONE,EMAIL,TENANT_ID) VALUES(20,'20','bot','Bot','Shinetechchina','Bot Shinetechchina','18012345678','bot@shinetechchina.com','1');

INSERT INTO ACCOUNT_INFO(ID,CODE,USERNAME,DISPLAY_NAME,STATUS,TYPE,LOCKED,CREATE_TIME,NICK_NAME,PASSWORD_REQUIRED,TENANT_ID) VALUES(21,'21','jack','杰克','active','employee','unlocked','2015-02-27 00:00:00','杰克','required','1');
INSERT INTO ACCOUNT_CREDENTIAL(ID,PASSWORD,MODIFY_TIME,EXPIRE_TIME,EXPIRE_STATUS,COULD_MODIFY,TYPE,CATALOG,STATUS,ACCOUNT_ID,TENANT_ID) VALUES(21,'a1ccdbc7f295e0aeda5dc4e0f2677ea3','2015-02-27 00:00:00','2017-04-28 00:00:00','normal','yes','normal','default','active',21,'1');
INSERT INTO PERSON_INFO(ID,CODE,USERNAME,GIVEN_NAME,FAMILY_NAME,FULL_NAME,CELLPHONE,EMAIL,TENANT_ID) VALUES(21,'21','jack','Jack','Shinetechchina','Jack Shinetechchina','18012345678','jack@shinetechchina.com','1');

INSERT INTO ACCOUNT_INFO(ID,CODE,USERNAME,DISPLAY_NAME,STATUS,TYPE,LOCKED,CREATE_TIME,NICK_NAME,PASSWORD_REQUIRED,TENANT_ID) VALUES(22,'22','martin','马丁','active','employee','unlocked','2015-02-27 00:00:00','马丁','required','1');
INSERT INTO ACCOUNT_CREDENTIAL(ID,PASSWORD,MODIFY_TIME,EXPIRE_TIME,EXPIRE_STATUS,COULD_MODIFY,TYPE,CATALOG,STATUS,ACCOUNT_ID,TENANT_ID) VALUES(22,'a1ccdbc7f295e0aeda5dc4e0f2677ea3','2015-02-27 00:00:00','2017-04-28 00:00:00','normal','yes','normal','default','active',22,'1');
INSERT INTO PERSON_INFO(ID,CODE,USERNAME,GIVEN_NAME,FAMILY_NAME,FULL_NAME,CELLPHONE,EMAIL,TENANT_ID) VALUES(22,'22','martin','Martin','Shinetechchina','Martin Shinetechchina','18012345678','marin@shinetechchina.com','1');

INSERT INTO ACCOUNT_INFO(ID,CODE,USERNAME,DISPLAY_NAME,STATUS,TYPE,LOCKED,CREATE_TIME,NICK_NAME,PASSWORD_REQUIRED,TENANT_ID) VALUES(23,'23','alex','阿莱克斯','active','employee','unlocked','2015-02-27 00:00:00','阿莱克斯','required','1');
INSERT INTO ACCOUNT_CREDENTIAL(ID,PASSWORD,MODIFY_TIME,EXPIRE_TIME,EXPIRE_STATUS,COULD_MODIFY,TYPE,CATALOG,STATUS,ACCOUNT_ID,TENANT_ID) VALUES(23,'a1ccdbc7f295e0aeda5dc4e0f2677ea3','2015-02-27 00:00:00','2017-04-28 00:00:00','normal','yes','normal','default','active',23,'1');
INSERT INTO PERSON_INFO(ID,CODE,USERNAME,GIVEN_NAME,FAMILY_NAME,FULL_NAME,CELLPHONE,EMAIL,TENANT_ID) VALUES(23,'23','alex','Alex','Shinetechchina','Alex Shinetechchina','18012345678','alex@shinetechchina.com','1');

INSERT INTO ACCOUNT_INFO(ID,CODE,USERNAME,DISPLAY_NAME,STATUS,TYPE,LOCKED,CREATE_TIME,NICK_NAME,PASSWORD_REQUIRED,TENANT_ID) VALUES(24,'24','daniel','丹尼尔','active','employee','unlocked','2015-02-27 00:00:00','丹尼尔','required','1');
INSERT INTO ACCOUNT_CREDENTIAL(ID,PASSWORD,MODIFY_TIME,EXPIRE_TIME,EXPIRE_STATUS,COULD_MODIFY,TYPE,CATALOG,STATUS,ACCOUNT_ID,TENANT_ID) VALUES(24,'a1ccdbc7f295e0aeda5dc4e0f2677ea3','2015-02-27 00:00:00','2017-04-28 00:00:00','normal','yes','normal','default','active',24,'1');
INSERT INTO PERSON_INFO(ID,CODE,USERNAME,GIVEN_NAME,FAMILY_NAME,FULL_NAME,CELLPHONE,EMAIL,TENANT_ID) VALUES(24,'24','daniel','Daniel','Shinetechchina','Daniel Shinetechchina','18012345678','daniel@shinetechchina.com','1');

INSERT INTO ACCOUNT_INFO(ID,CODE,USERNAME,DISPLAY_NAME,STATUS,TYPE,LOCKED,CREATE_TIME,NICK_NAME,PASSWORD_REQUIRED,TENANT_ID) VALUES(25,'25','eric','艾瑞克','active','employee','unlocked','2015-02-27 00:00:00','艾瑞克','required','1');
INSERT INTO ACCOUNT_CREDENTIAL(ID,PASSWORD,MODIFY_TIME,EXPIRE_TIME,EXPIRE_STATUS,COULD_MODIFY,TYPE,CATALOG,STATUS,ACCOUNT_ID,TENANT_ID) VALUES(25,'a1ccdbc7f295e0aeda5dc4e0f2677ea3','2015-02-27 00:00:00','2017-04-28 00:00:00','normal','yes','normal','default','active',25,'1');
INSERT INTO PERSON_INFO(ID,CODE,USERNAME,GIVEN_NAME,FAMILY_NAME,FULL_NAME,CELLPHONE,EMAIL,TENANT_ID) VALUES(25,'25','eric','Eric','Shinetechchina','Eric Shinetechchina','18012345678','eric@shinetechchina.com','1');

INSERT INTO ACCOUNT_INFO(ID,CODE,USERNAME,DISPLAY_NAME,STATUS,TYPE,LOCKED,CREATE_TIME,NICK_NAME,PASSWORD_REQUIRED,TENANT_ID) VALUES(26,'26','leon','里昂','active','employee','unlocked','2015-02-27 00:00:00','里昂','required','1');
INSERT INTO ACCOUNT_CREDENTIAL(ID,PASSWORD,MODIFY_TIME,EXPIRE_TIME,EXPIRE_STATUS,COULD_MODIFY,TYPE,CATALOG,STATUS,ACCOUNT_ID,TENANT_ID) VALUES(26,'a1ccdbc7f295e0aeda5dc4e0f2677ea3','2015-02-27 00:00:00','2017-04-28 00:00:00','normal','yes','normal','default','active',26,'1');
INSERT INTO PERSON_INFO(ID,CODE,USERNAME,GIVEN_NAME,FAMILY_NAME,FULL_NAME,CELLPHONE,EMAIL,TENANT_ID) VALUES(26,'26','leon','Leon','Shinetechchina','Leon Shinetechchina','18012345678','leon@shinetechchina.com','1');

INSERT INTO ACCOUNT_INFO(ID,CODE,USERNAME,DISPLAY_NAME,STATUS,TYPE,LOCKED,CREATE_TIME,NICK_NAME,PASSWORD_REQUIRED,TENANT_ID) VALUES(27,'27','clark','克拉克','active','employee','unlocked','2015-02-27 00:00:00','克拉克','required','1');
INSERT INTO ACCOUNT_CREDENTIAL(ID,PASSWORD,MODIFY_TIME,EXPIRE_TIME,EXPIRE_STATUS,COULD_MODIFY,TYPE,CATALOG,STATUS,ACCOUNT_ID,TENANT_ID) VALUES(27,'a1ccdbc7f295e0aeda5dc4e0f2677ea3','2015-02-27 00:00:00','2017-04-28 00:00:00','normal','yes','normal','default','active',27,'1');
INSERT INTO PERSON_INFO(ID,CODE,USERNAME,GIVEN_NAME,FAMILY_NAME,FULL_NAME,CELLPHONE,EMAIL,TENANT_ID) VALUES(27,'27','clark','Clark','Shinetechchina','Clark Shinetechchina','18012345678','clark@shinetechchina.com','1');

INSERT INTO ACCOUNT_INFO(ID,CODE,USERNAME,DISPLAY_NAME,STATUS,TYPE,LOCKED,CREATE_TIME,NICK_NAME,PASSWORD_REQUIRED,TENANT_ID) VALUES(28,'28','david','大卫','active','employee','unlocked','2015-02-27 00:00:00','大卫','required','1');
INSERT INTO ACCOUNT_CREDENTIAL(ID,PASSWORD,MODIFY_TIME,EXPIRE_TIME,EXPIRE_STATUS,COULD_MODIFY,TYPE,CATALOG,STATUS,ACCOUNT_ID,TENANT_ID) VALUES(28,'a1ccdbc7f295e0aeda5dc4e0f2677ea3','2015-02-27 00:00:00','2017-04-28 00:00:00','normal','yes','normal','default','active',28,'1');
INSERT INTO PERSON_INFO(ID,CODE,USERNAME,GIVEN_NAME,FAMILY_NAME,FULL_NAME,CELLPHONE,EMAIL,TENANT_ID) VALUES(28,'28','david','David','Shinetechchina','David Shinetechchina','18012345678','david@shinetechchina.com','1');

INSERT INTO ACCOUNT_INFO(ID,CODE,USERNAME,DISPLAY_NAME,STATUS,TYPE,LOCKED,CREATE_TIME,NICK_NAME,PASSWORD_REQUIRED,TENANT_ID) VALUES(29,'29','henry','亨利','active','employee','unlocked','2015-02-27 00:00:00','亨利','required','1');
INSERT INTO ACCOUNT_CREDENTIAL(ID,PASSWORD,MODIFY_TIME,EXPIRE_TIME,EXPIRE_STATUS,COULD_MODIFY,TYPE,CATALOG,STATUS,ACCOUNT_ID,TENANT_ID) VALUES(29,'a1ccdbc7f295e0aeda5dc4e0f2677ea3','2015-02-27 00:00:00','2017-04-28 00:00:00','normal','yes','normal','default','active',29,'1');
INSERT INTO PERSON_INFO(ID,CODE,USERNAME,GIVEN_NAME,FAMILY_NAME,FULL_NAME,CELLPHONE,EMAIL,TENANT_ID) VALUES(29,'29','henry','Henry','Shinetechchina','Henry Shinetechchina','18012345678','henry@shinetechchina.com','1');

INSERT INTO ACCOUNT_INFO(ID,CODE,USERNAME,DISPLAY_NAME,STATUS,TYPE,LOCKED,CREATE_TIME,NICK_NAME,PASSWORD_REQUIRED,TENANT_ID) VALUES(30,'30','helen','海伦','active','employee','unlocked','2015-02-27 00:00:00','海伦','required','1');
INSERT INTO ACCOUNT_CREDENTIAL(ID,PASSWORD,MODIFY_TIME,EXPIRE_TIME,EXPIRE_STATUS,COULD_MODIFY,TYPE,CATALOG,STATUS,ACCOUNT_ID,TENANT_ID) VALUES(30,'a1ccdbc7f295e0aeda5dc4e0f2677ea3','2015-02-27 00:00:00','2017-04-28 00:00:00','normal','yes','normal','default','active',30,'1');
INSERT INTO PERSON_INFO(ID,CODE,USERNAME,GIVEN_NAME,FAMILY_NAME,FULL_NAME,CELLPHONE,EMAIL,TENANT_ID) VALUES(30,'30','helen','Helen','Shinetechchina','Helen Shinetechchina','18012345678','helen@shinetechchina.com','1');

INSERT INTO ACCOUNT_INFO(ID,CODE,USERNAME,DISPLAY_NAME,STATUS,TYPE,LOCKED,CREATE_TIME,NICK_NAME,PASSWORD_REQUIRED,TENANT_ID) VALUES(31,'31','sarah','莎拉','active','employee','unlocked','2015-02-27 00:00:00','莎拉','required','1');
INSERT INTO ACCOUNT_CREDENTIAL(ID,PASSWORD,MODIFY_TIME,EXPIRE_TIME,EXPIRE_STATUS,COULD_MODIFY,TYPE,CATALOG,STATUS,ACCOUNT_ID,TENANT_ID) VALUES(31,'a1ccdbc7f295e0aeda5dc4e0f2677ea3','2015-02-27 00:00:00','2017-04-28 00:00:00','normal','yes','normal','default','active',31,'1');
INSERT INTO PERSON_INFO(ID,CODE,USERNAME,GIVEN_NAME,FAMILY_NAME,FULL_NAME,CELLPHONE,EMAIL,TENANT_ID) VALUES(31,'31','sarah','Sarah','Shinetechchina','Sarah Shinetechchina','18012345678','sarah@shinetechchina.com','1');

INSERT INTO ACCOUNT_INFO(ID,CODE,USERNAME,DISPLAY_NAME,STATUS,TYPE,LOCKED,CREATE_TIME,NICK_NAME,PASSWORD_REQUIRED,TENANT_ID) VALUES(32,'32','sam','萨姆','active','employee','unlocked','2015-02-27 00:00:00','萨姆','required','1');
INSERT INTO ACCOUNT_CREDENTIAL(ID,PASSWORD,MODIFY_TIME,EXPIRE_TIME,EXPIRE_STATUS,COULD_MODIFY,TYPE,CATALOG,STATUS,ACCOUNT_ID,TENANT_ID) VALUES(32,'a1ccdbc7f295e0aeda5dc4e0f2677ea3','2015-02-27 00:00:00','2017-04-28 00:00:00','normal','yes','normal','default','active',32,'1');
INSERT INTO PERSON_INFO(ID,CODE,USERNAME,GIVEN_NAME,FAMILY_NAME,FULL_NAME,CELLPHONE,EMAIL,TENANT_ID) VALUES(32,'32','sam','Sam','Shinetechchina','Sam Shinetechchina','18012345678','sam@shinetechchina.com','1');

INSERT INTO ACCOUNT_INFO(ID,CODE,USERNAME,DISPLAY_NAME,STATUS,TYPE,LOCKED,CREATE_TIME,NICK_NAME,PASSWORD_REQUIRED,TENANT_ID) VALUES(33,'33','claire','克莱尔','active','employee','unlocked','2015-02-27 00:00:00','克莱尔','required','1');
INSERT INTO ACCOUNT_CREDENTIAL(ID,PASSWORD,MODIFY_TIME,EXPIRE_TIME,EXPIRE_STATUS,COULD_MODIFY,TYPE,CATALOG,STATUS,ACCOUNT_ID,TENANT_ID) VALUES(33,'a1ccdbc7f295e0aeda5dc4e0f2677ea3','2015-02-27 00:00:00','2017-04-28 00:00:00','normal','yes','normal','default','active',33,'1');
INSERT INTO PERSON_INFO(ID,CODE,USERNAME,GIVEN_NAME,FAMILY_NAME,FULL_NAME,CELLPHONE,EMAIL,TENANT_ID) VALUES(33,'33','claire','Claire','Shinetechchina','Claire Shinetechchina','18012345678','claire@shinetechchina.com','1');

INSERT INTO ACCOUNT_INFO(ID,CODE,USERNAME,DISPLAY_NAME,STATUS,TYPE,LOCKED,CREATE_TIME,NICK_NAME,PASSWORD_REQUIRED,TENANT_ID) VALUES(34,'34','thomas','托马斯','active','employee','unlocked','2015-02-27 00:00:00','托马斯','required','1');
INSERT INTO ACCOUNT_CREDENTIAL(ID,PASSWORD,MODIFY_TIME,EXPIRE_TIME,EXPIRE_STATUS,COULD_MODIFY,TYPE,CATALOG,STATUS,ACCOUNT_ID,TENANT_ID) VALUES(34,'a1ccdbc7f295e0aeda5dc4e0f2677ea3','2015-02-27 00:00:00','2017-04-28 00:00:00','normal','yes','normal','default','active',34,'1');
INSERT INTO PERSON_INFO(ID,CODE,USERNAME,GIVEN_NAME,FAMILY_NAME,FULL_NAME,CELLPHONE,EMAIL,TENANT_ID) VALUES(34,'34','thomas','Thomas','Shinetechchina','Thomas Shinetechchina','18012345678','thomas@shinetechchina.com','1');

UPDATE PERSON_INFO SET EMAIL='lingo@shinetechchina.com' WHERE ID=1;
UPDATE PERSON_INFO SET EMAIL='vivian@shinetechchina.com' WHERE ID=2;
UPDATE PERSON_INFO SET EMAIL='steven@shinetechchina.com' WHERE ID=3;
UPDATE PERSON_INFO SET EMAIL='king@shinetechchina.com' WHERE ID=4;
UPDATE PERSON_INFO SET EMAIL='john@shinetechchina.com' WHERE ID=5;
UPDATE PERSON_INFO SET EMAIL='william@shinetechchina.com' WHERE ID=6;
UPDATE PERSON_INFO SET EMAIL='adam@shinetechchina.com' WHERE ID=7;
UPDATE PERSON_INFO SET EMAIL='robot@shinetechchina.com' WHERE ID=8;
